case_id,scenario_id,case_type,comparison,why_this_case_matters,user_profile,user_question,baseline_output,rag_only_output,multistep_only_output,full_pipeline_output,baseline_guideline_alignment,rag_guideline_alignment,multistep_safety,full_pipeline_safety,baseline_personalization,rag_personalization,multistep_personalization,full_pipeline_personalization
CASE01,BP002,RAG improves guideline alignment over baseline,baseline vs rag_only,Selected automatically based on judge-score patterns. Review manually before using in the report.,"Age: 47
BMI: 27.5
Lifestyle habits: Desk job, walks occasionally, eats processed foods and salty snacks, non-smoker, drinks beer on weekends.
Health goal: Lower blood-pressure risk through diet and activity.
Risk condition: Self-reported elevated blood pressure, usually around 138/86 mmHg.
User question: My blood pressure has been a little high and I eat a lot of salty snacks. What lifestyle changes can help support healthier blood pressure?",My blood pressure has been a little high and I eat a lot of salty snacks. What lifestyle changes can help support healthier blood pressure?,"**Safety Note:** Given your self-reported elevated blood pressure, it's important to consult with a healthcare professional for personalized advice and monitoring.

**Exercise Suggestions:**
- Aim for at least 150 minutes of moderate aerobic activity each week. This can include brisk walking, cycling, or swimming.
- Incorporate strength training exercises at least two days a week to help improve overall fitness and support heart health.
- Consider adding flexibility and balance exercises, such as yoga or tai chi, to enhance overall well-being.

**Diet and Lifestyle Suggestions:**
- Reduce your intake of processed foods and salty snacks. Opt for whole foods like fruits, vegetables, whole grains, lean proteins, and healthy fats.
- Increase your potassium intake by including foods like bananas, sweet potatoes, spinach, and avocados, which can help balance sodium levels.
- Limit alcohol consumption to moderate levels (up to one drink per day for women and two for men).
- Stay hydrated with water instead of sugary or alcoholic beverages.

**Next-Step Plan:**
1. Start by replacing one processed snack each day with a healthier option, such as fresh fruit or nuts.
2. Schedule at least three 30-minute walks each week, gradually increasing the duration or intensity as you feel comfortable.
3. Keep a food and activity journal for a week to identify patterns and areas for improvement.
4. Consider setting a follow-up appointment with a healthcare professional to discuss your blood pressure and any lifestyle changes you implement.","**Recommendation for Supporting Healthier Blood Pressure:**

1. **Safety Note:** Given your self-reported elevated blood pressure, consider discussing any lifestyle changes with a healthcare professional, especially if you have other health concerns.

2. **Exercise Suggestions:** Aim for at least 150 minutes of moderate aerobic activity each week, such as brisk walking, cycling, or swimming. Incorporate strength training exercises at least twice a week to help manage weight and improve overall fitness.

3. **Diet or Lifestyle Suggestions:** 
   - Reduce your intake of salty snacks and processed foods. Opt for fresh fruits, vegetables, and whole grains instead. 
   - Include potassium-rich foods like bananas, sweet potatoes, and spinach, which can help balance sodium levels.
   - Limit alcohol consumption to moderate levels (up to one drink per day for women and two for men).

4. **Next-Step Plan:** Start by replacing one processed snack each day with a healthier option, such as a piece of fruit or a handful of nuts. Gradually increase your physical activity by adding a 10-minute walk to your daily routine and build from there.

5. **Guideline Support:** This advice is supported by guidelines emphasizing healthier eating, regular activity, weight management, and sodium reduction to help manage blood pressure (Guidelines 1, 2, 5).","### 1. Safety Note
It's important to remember that while lifestyle changes can support healthier blood pressure, they should complement any advice or treatment from your healthcare professional. Always consult with them before making significant changes, especially if you have concerns about your blood pressure.

### 2. Profile-Based Interpretation
At 47 years old with a BMI of 27.5, you are in the overweight category, which can contribute to elevated blood pressure. Your desk job and occasional walking suggest a relatively sedentary lifestyle, and your consumption of processed foods and salty snacks may be impacting your blood pressure levels. 

### 3. Exercise Recommendations
Start incorporating more physical activity into your routine gradually. Aim for at least 150 minutes of moderate aerobic activity each week, such as brisk walking, cycling, or swimming. You can break this down into 30-minute sessions, five days a week. Consider adding strength training exercises at least twice a week to help improve overall fitness and support weight management.

### 4. Diet and Lifestyle Recommendations
- **Reduce Sodium Intake**: Aim to limit your intake of salty snacks and processed foods, which can be high in sodium. Try to choose low-sodium options and flavor your meals with herbs and spices instead.
- **Increase Fruits and Vegetables**: Incorporate more fresh fruits and vegetables into your diet. Aim for at least five servings a day, as they are rich in potassium, which can help balance sodium levels.
- **Choose Whole Grains**: Opt for whole grains instead of refined grains. Foods like brown rice, whole grain bread, and oats can be beneficial.
- **Limit Alcohol**: While enjoying beer on weekends is fine in moderation, consider reducing your intake to support better blood pressure levels.
- **Stay Hydrated**: Drink plenty of water throughout the day, which can help with overall health and may reduce cravings for salty snacks.

### 5. Practical Next-Step Plan
1. **Set a Walking Goal**: Start with a goal of walking for 10-15 minutes a day, gradually increasing the duration as you feel comfortable.
2. **Meal Planning**: Plan your meals for the week, focusing on incorporating more whole foods and reducing processed options. Prepare healthy snacks like fruits, nuts, or yogurt to replace salty snacks.
3. **Track Your Progress**: Keep a journal of your food intake and physical activity to help you stay accountable and identify areas for improvement.
4. **Join a Class or Group**: Consider joining a local walking group or fitness class to stay motivated and make exercise more enjoyable.
5. **Regular Check-Ins**: Monitor your blood pressure at home if possible, and schedule regular check-ins with your healthcare provider to discuss your progress and any adjustments needed.

By making these gradual changes, you can work towards lowering your blood pressure and improving your overall health.","### 1. Safety Note
While I can provide general lifestyle recommendations, it's important to consult with a healthcare professional for personalized advice, especially regarding elevated blood pressure.

### 2. Profile-Based Interpretation
At 47 years old with a BMI of 27.5 and self-reported elevated blood pressure, your lifestyle habits, including a diet high in processed foods and salty snacks, may contribute to your blood pressure levels. Making gradual changes can help support healthier blood pressure.

### 3. Exercise Recommendations
Start incorporating regular physical activity into your routine. Aim for at least 150 minutes of moderate-intensity exercise each week, such as brisk walking. Begin with short walks (10-15 minutes) a few times a week and gradually increase the duration and frequency as you feel comfortable.

### 4. Diet and Lifestyle Recommendations
- **Reduce Sodium Intake**: Limit high-sodium snacks and processed foods. Opt for fresh fruits and vegetables, which are naturally low in sodium and high in potassium.
- **Choose Healthier Snacks**: Replace salty snacks with healthier options like nuts, yogurt, or fresh fruit.
- **Increase Fiber and Protein**: Incorporate more whole grains, legumes, and lean proteins into your meals.
- **Limit Alcohol**: Consider reducing your beer consumption on weekends to support better blood pressure management.
- **Stay Hydrated**: Drink plenty of water throughout the day, which can help with overall health.

### 5. Practical Next-Step Plan
1. **Set a Weekly Exercise Goal**: Start with 10-15 minute walks, three times a week, and gradually increase.
2. **Plan Your Meals**: Create a weekly meal plan that includes more fruits, vegetables, and whole foods while reducing processed and salty options.
3. **Track Your Progress**: Keep a journal of your food intake and physical activity to monitor changes and stay motivated.
4. **Consult a Professional**: Schedule a visit with a healthcare provider to discuss your blood pressure and get personalized advice.

### 6. Guideline Grounding
These recommendations are supported by CDC guidelines on preventing high blood pressure, which emphasize healthier eating, regular physical activity, sodium reduction, and the importance of maintaining a healthy weight.",3.0,5.0,4.0,4.0,4.0,4.0,4.0,4.0
CASE02,BP001,Multi-step improves safety over baseline,baseline vs multistep_only,Selected automatically based on judge-score patterns. Review manually before using in the report.,"Age: 52
BMI: 30.0
Lifestyle habits: Low physical activity, frequent high-sodium takeout meals, current smoker about 5 cigarettes per day, drinks 2–3 alcoholic drinks per week.
Health goal: Improve cardiovascular health and start exercising safely.
Risk condition: Self-reported hypertension with blood pressure around 145/92 mmHg.
User question: I have high blood pressure around 145/92, smoke a few cigarettes a day, and often eat salty takeout. I want to start exercising and improve my health. What should I do?","I have high blood pressure around 145/92, smoke a few cigarettes a day, and often eat salty takeout. I want to start exercising and improve my health. What should I do?","**Safety Note:** Given your self-reported hypertension and smoking habits, it's important to consult with a healthcare professional before making significant lifestyle changes, especially regarding exercise and diet.

**Exercise Suggestions:**
1. **Start Slow:** Begin with low-impact activities such as walking, swimming, or cycling for 10-15 minutes a day, gradually increasing the duration as you feel comfortable.
2. **Strength Training:** Incorporate light strength training exercises 2-3 times a week, focusing on major muscle groups. Use body weight or light weights to start.
3. **Flexibility and Balance:** Consider adding stretching or yoga to improve flexibility and reduce stress.

**Diet or Lifestyle Suggestions:**
1. **Reduce Sodium Intake:** Aim to limit high-sodium takeout meals. Try cooking at home with fresh ingredients and herbs for flavor.
2. **Increase Fruits and Vegetables:** Incorporate more fruits and vegetables into your meals. Aim for a variety of colors to ensure a range of nutrients.
3. **Stay Hydrated:** Drink plenty of water throughout the day and limit sugary drinks.
4. **Limit Alcohol:** Consider reducing your alcohol intake to support overall health.
5. **Quit Smoking:** Seek support to quit smoking, as this will significantly benefit your cardiovascular health.

**Next-Step Plan:**
1. **Consult a Healthcare Professional:** Schedule an appointment to discuss your blood pressure and get personalized advice on starting an exercise program.
2. **Set Small Goals:** Aim for a 10-minute walk daily and gradually increase it. Track your progress to stay motivated.
3. **Plan Meals:** Create a weekly meal plan that includes healthy, low-sodium options. Consider trying new recipes that focus on whole foods.
4. **Join a Support Group:** Look for local or online groups focused on smoking cessation or healthy living for encouragement and accountability. 

Taking these steps can help you improve your cardiovascular health and overall well-being.","**Safety Note:** Given your self-reported hypertension and smoking habits, it's important to consult with a healthcare professional before making significant lifestyle changes.

**Exercise Suggestions:** Start with low-impact activities such as walking, swimming, or cycling for at least 150 minutes per week. Aim for 10-15 minutes of activity most days, gradually increasing the duration and intensity as you feel comfortable.

**Diet or Lifestyle Suggestions:** Focus on incorporating more fresh fruits and vegetables into your meals, and choose foods that are rich in potassium, fiber, and protein while reducing high-sodium takeout meals. Consider preparing simple, healthy meals at home to control salt intake. Additionally, try to limit alcohol consumption and work towards quitting smoking, as both can negatively impact blood pressure.

**Next-Step Plan:** Begin by setting a goal to walk for 10 minutes a day, five days a week. Gradually increase your walking time and frequency. Simultaneously, plan to prepare at least two home-cooked meals each week that emphasize fresh ingredients and are low in sodium.

**Guideline Support:** This advice is supported by guidelines emphasizing healthier eating, regular physical activity, weight management, not smoking, and limiting alcohol to support blood pressure and heart health (Guidelines 1, 2, 3, 4, and 5).","### 1. Safety Note
Given your self-reported hypertension and current lifestyle habits, it's important to approach changes gradually and consult with a healthcare professional before starting any new exercise or diet plan. They can provide personalized guidance based on your health status.

### 2. Profile-Based Interpretation
At 52 years old with a BMI of 30.0, you are classified as obese, which can contribute to your high blood pressure. Your low physical activity level, frequent consumption of high-sodium takeout meals, and smoking habits are additional factors that can negatively impact your cardiovascular health. 

### 3. Exercise Recommendations
Start with gentle, low-impact activities to ease into a more active lifestyle. Aim for:
- **Walking**: Begin with 10-15 minutes of walking a few times a week, gradually increasing the duration as you feel more comfortable.
- **Stretching**: Incorporate stretching exercises to improve flexibility and reduce the risk of injury.
- **Strength Training**: Consider light resistance exercises (like bodyweight squats or wall push-ups) 1-2 times a week, focusing on proper form.

Always listen to your body and stop if you feel any discomfort. 

### 4. Diet and Lifestyle Recommendations
- **Reduce Sodium Intake**: Aim to cook more at home using fresh ingredients. Try to limit takeout meals and opt for low-sodium options when you do.
- **Increase Fruits and Vegetables**: Incorporate a variety of fruits and vegetables into your meals to help manage blood pressure and improve overall health.
- **Limit Alcohol**: Consider reducing your alcohol intake to 1 drink per week or less, as excessive consumption can affect blood pressure.
- **Quit Smoking**: Seek support to help you reduce or quit smoking, as this will significantly benefit your cardiovascular health.

### 5. Practical Next-Step Plan
1. **Consult a Healthcare Professional**: Schedule an appointment to discuss your blood pressure and get personalized advice on exercise and diet.
2. **Set a Walking Goal**: Start with a goal of walking for 10-15 minutes, 3 times a week, and gradually increase the time as you feel more comfortable.
3. **Plan Healthy Meals**: Create a weekly meal plan that includes low-sodium recipes and more home-cooked meals.
4. **Track Your Progress**: Keep a journal of your physical activity and dietary changes to monitor your progress and stay motivated.

By taking these steps, you can work towards improving your cardiovascular health and overall well-being.","### Revised Recommendation

### 1. Safety Note
Before making any significant changes to your diet or exercise routine, it is crucial to consult with a healthcare professional. They can provide personalized guidance based on your health status, especially considering your self-reported hypertension.

### 2. Profile-Based Interpretation
At 52 years old with a BMI of 30.0, you are classified as obese, which can contribute to your high blood pressure. Your current habits of low physical activity, smoking, and frequent high-sodium meals are risk factors that can negatively impact your cardiovascular health.

### 3. Exercise Recommendations
Start with gentle, low-impact activities to gradually increase your physical activity level. Aim for at least 10-15 minutes of walking a few times a week, and gradually increase the duration and frequency as you feel comfortable. Consider activities like stretching, yoga, or swimming, which can be easier on the joints and help improve cardiovascular health.

### 4. Diet and Lifestyle Recommendations
- **Reduce Sodium Intake**: Limit high-sodium takeout meals. Focus on cooking at home using fresh ingredients, and read nutrition labels to choose lower-sodium options.
- **Increase Fruits and Vegetables**: Incorporate more fresh fruits and vegetables into your meals, as they are rich in potassium and fiber, which can help manage blood pressure.
- **Limit Alcohol**: Consider reducing your alcohol intake to no more than one drink per day, as excessive drinking can raise blood pressure.
- **Quit Smoking**: Seek support to quit smoking, as it significantly increases cardiovascular risk. There are many resources available, including counseling and nicotine replacement therapies.

### 5. Practical Next-Step Plan
1. **Consult a Healthcare Professional**: Schedule an appointment to discuss your blood pressure and get personalized advice.
2. **Set Small Goals**: Start with a goal of walking for 10-15 minutes three times a week and gradually increase as you feel more comfortable.
3. **Plan Healthy Meals**: Create a weekly meal plan that includes more home-cooked meals with fresh ingredients, focusing on low-sodium recipes.
4. **Track Your Progress**: Keep a journal of your physical activity and dietary changes to monitor your progress and stay motivated.

### 6. Guideline Grounding
This recommendation is supported by guidelines from the CDC, which emphasize the importance of healthier eating, regular physical activity, weight management, not smoking, and limiting alcohol to support blood pressure and heart health.",3.0,4.0,5.0,4.0,4.0,4.0,5.0,4.0
CASE03,H008,Full pipeline trades safety for guideline specificity,multistep_only vs full_pipeline,Selected automatically based on judge-score patterns. Review manually before using in the report.,"Age: 46
BMI: 25.0
Lifestyle habits: Lightly active job, eats restaurant meals several times per week, sleeps 7 hours, former smoker, drinks alcohol about once a week.
Health goal: Prevent gradual weight gain and improve heart-healthy habits.
Risk condition: No known diagnosed condition, borderline overweight by BMI.
User question: I have slowly gained a few pounds and eat out often. What everyday habits can help me prevent more weight gain and support heart health?",I have slowly gained a few pounds and eat out often. What everyday habits can help me prevent more weight gain and support heart health?,"**Safety Note:** While you have no known diagnosed conditions, it's always a good idea to consult with a healthcare professional before making significant lifestyle changes, especially if you have specific health concerns.

**Exercise Suggestions:**
1. Aim for at least 150 minutes of moderate aerobic activity each week, such as brisk walking, cycling, or swimming. This can be broken down into 30 minutes a day, five days a week.
2. Incorporate strength training exercises at least twice a week. This can include bodyweight exercises like squats, lunges, and push-ups, or using resistance bands or weights.

**Diet and Lifestyle Suggestions:**
1. **Mindful Eating:** When dining out, consider sharing meals or opting for smaller portions. Focus on whole foods like vegetables, lean proteins, and whole grains.
2. **Healthy Choices:** Choose grilled, baked, or steamed options instead of fried. Look for dishes that include plenty of vegetables and limit creamy sauces or dressings.
3. **Hydration:** Drink plenty of water throughout the day, and consider having water or a low-calorie beverage instead of sugary drinks or high-calorie cocktails when dining out.
4. **Plan Ahead:** If you know you’ll be eating out, plan your meals for the day to include lighter, healthier options at other meals to balance your calorie intake.

**Next-Step Plan:**
1. Start by setting a goal to include at least two days of strength training and three days of aerobic exercise each week.
2. Choose one restaurant meal per week to focus on making healthier choices, and gradually increase this as you become more comfortable.
3. Keep a food and activity journal for a week to identify patterns and areas for improvement, then adjust your habits accordingly.

By implementing these strategies, you can work towards preventing further weight gain and enhancing your heart health.","**Recommendation for Preventing Weight Gain and Supporting Heart Health**

1. **Safety Note**: Since you have a borderline overweight BMI, consider discussing any significant lifestyle changes with a healthcare professional, especially if you have any underlying health concerns.

2. **Exercise Suggestions**: Aim for at least 150 minutes of moderate-intensity aerobic activity each week, such as brisk walking, cycling, or swimming. Incorporate muscle-strengthening activities on at least 2 days a week, like bodyweight exercises or resistance training.

3. **Diet or Lifestyle Suggestions**: Focus on incorporating more fresh fruits and vegetables into your meals, and choose foods rich in potassium, fiber, and protein while limiting salt and saturated fat. When dining out, opt for healthier menu options, such as grilled rather than fried items, and consider sharing larger portions to control serving sizes.

4. **Next-Step Plan**: Start by setting a realistic goal to include at least one additional serving of vegetables in your meals each day and schedule your weekly exercise sessions. Track your progress to stay motivated.

5. **Guideline Support**: This advice is grounded in guidelines related to preventing high blood pressure, weight management, and the importance of regular physical activity and healthy eating patterns.","### 1. Safety Note
While I can provide general lifestyle recommendations, it's important to consult with a healthcare professional for personalized advice, especially if you have specific health concerns.

### 2. Profile-Based Interpretation
At 46 years old and with a BMI of 25.0, you're in a borderline overweight category. Your lightly active job and frequent restaurant meals may contribute to gradual weight gain. Focusing on heart-healthy habits can help you manage your weight and support overall well-being.

### 3. Exercise Recommendations
Start incorporating more physical activity into your routine. Aim for at least 150 minutes of moderate aerobic activity each week, such as brisk walking or cycling. You can break this down into manageable sessions, like 30 minutes a day, five times a week. Additionally, consider adding strength training exercises twice a week to help build muscle and boost metabolism.

### 4. Diet and Lifestyle Recommendations
- **Mindful Eating**: When dining out, choose smaller portions or share meals to control calorie intake. Opt for grilled, baked, or steamed dishes instead of fried options.
- **Healthy Choices**: Look for heart-healthy options on the menu, such as salads with lean proteins, whole grains, and plenty of vegetables. Limit high-sodium and high-sugar items.
- **Home Cooking**: Try to prepare more meals at home using fresh ingredients. This can help you control portion sizes and make healthier choices.
- **Hydration**: Drink plenty of water throughout the day, and consider having water or unsweetened beverages instead of sugary drinks when dining out.
- **Sleep Quality**: Continue to prioritize your 7 hours of sleep, as good sleep is essential for weight management and heart health.

### 5. Practical Next-Step Plan
1. **Set a Weekly Exercise Schedule**: Plan your workouts for the week ahead, including both aerobic and strength training sessions.
2. **Plan Meals**: Create a meal plan for the week that includes healthy home-cooked meals and a few restaurant outings with mindful choices.
3. **Track Progress**: Consider keeping a food and activity journal to monitor your eating habits and physical activity. This can help you stay accountable and make adjustments as needed.
4. **Explore New Recipes**: Look for heart-healthy recipes online that you can try at home, focusing on whole foods and balanced meals.
5. **Stay Engaged**: Join a local walking group or fitness class to stay motivated and make exercise more enjoyable.

By gradually implementing these changes, you can work towards preventing further weight gain and enhancing your heart health.","### 1. Safety Note
While I can provide general lifestyle recommendations, it's important to consult with a healthcare professional for personalized advice, especially if you have specific health concerns.

### 2. Profile-Based Interpretation
At 46 years old and with a BMI of 25.0, you are at a borderline overweight status. Your goal to prevent further weight gain and improve heart health is commendable, especially given your lightly active job and current eating habits.

### 3. Exercise Recommendations
Aim for at least 150 minutes of moderate-intensity aerobic activity each week, which can include brisk walking, cycling, or swimming. Additionally, incorporate muscle-strengthening activities on at least two days a week. Start gradually if you're not currently active, perhaps with 10-15 minute sessions and build up from there.

### 4. Diet and Lifestyle Recommendations
- **Choose Healthier Options When Dining Out**: Opt for meals that include plenty of vegetables, lean proteins, and whole grains. Ask for dressings and sauces on the side to control portions.
- **Limit Processed Foods**: Try to reduce the frequency of high-sodium and high-saturated fat foods. Focus on fresh, whole foods when possible.
- **Increase Fruit and Vegetable Intake**: Aim for at least five servings of fruits and vegetables each day, which can help with weight management and heart health.
- **Mindful Eating**: Pay attention to portion sizes and eat slowly to help recognize fullness cues.
- **Limit Alcohol**: Since you drink alcohol about once a week, consider reducing this frequency or the amount consumed to support heart health.

### 5. Practical Next-Step Plan
1. **Set a Weekly Exercise Schedule**: Plan out your workouts for the week, aiming for a mix of cardio and strength training.
2. **Meal Planning**: Dedicate time each week to plan healthy meals and snacks, focusing on incorporating more fruits and vegetables.
3. **Track Your Progress**: Keep a journal of your meals and physical activity to help stay accountable and identify areas for improvement.
4. **Gradual Changes**: Implement one or two changes at a time, such as choosing healthier options when eating out or increasing your physical activity, to make the transition easier.

### 6. Guideline Grounding
This recommendation is supported by guidelines on preventing high blood pressure and weight management, emphasizing the importance of healthy eating patterns, regular physical activity, and sustainable lifestyle changes (Guidelines 1, 2, 3, 4, and 5).",3.0,5.0,5.0,4.0,4.0,4.0,4.0,4.0
CASE04,BP002,Personalization differences are small,all systems,Selected automatically based on judge-score patterns. Review manually before using in the report.,"Age: 47
BMI: 27.5
Lifestyle habits: Desk job, walks occasionally, eats processed foods and salty snacks, non-smoker, drinks beer on weekends.
Health goal: Lower blood-pressure risk through diet and activity.
Risk condition: Self-reported elevated blood pressure, usually around 138/86 mmHg.
User question: My blood pressure has been a little high and I eat a lot of salty snacks. What lifestyle changes can help support healthier blood pressure?",My blood pressure has been a little high and I eat a lot of salty snacks. What lifestyle changes can help support healthier blood pressure?,"**Safety Note:** Given your self-reported elevated blood pressure, it's important to consult with a healthcare professional for personalized advice and monitoring.

**Exercise Suggestions:**
- Aim for at least 150 minutes of moderate aerobic activity each week. This can include brisk walking, cycling, or swimming.
- Incorporate strength training exercises at least two days a week to help improve overall fitness and support heart health.
- Consider adding flexibility and balance exercises, such as yoga or tai chi, to enhance overall well-being.

**Diet and Lifestyle Suggestions:**
- Reduce your intake of processed foods and salty snacks. Opt for whole foods like fruits, vegetables, whole grains, lean proteins, and healthy fats.
- Increase your potassium intake by including foods like bananas, sweet potatoes, spinach, and avocados, which can help balance sodium levels.
- Limit alcohol consumption to moderate levels (up to one drink per day for women and two for men).
- Stay hydrated with water instead of sugary or alcoholic beverages.

**Next-Step Plan:**
1. Start by replacing one processed snack each day with a healthier option, such as fresh fruit or nuts.
2. Schedule at least three 30-minute walks each week, gradually increasing the duration or intensity as you feel comfortable.
3. Keep a food and activity journal for a week to identify patterns and areas for improvement.
4. Consider setting a follow-up appointment with a healthcare professional to discuss your blood pressure and any lifestyle changes you implement.","**Recommendation for Supporting Healthier Blood Pressure:**

1. **Safety Note:** Given your self-reported elevated blood pressure, consider discussing any lifestyle changes with a healthcare professional, especially if you have other health concerns.

2. **Exercise Suggestions:** Aim for at least 150 minutes of moderate aerobic activity each week, such as brisk walking, cycling, or swimming. Incorporate strength training exercises at least twice a week to help manage weight and improve overall fitness.

3. **Diet or Lifestyle Suggestions:** 
   - Reduce your intake of salty snacks and processed foods. Opt for fresh fruits, vegetables, and whole grains instead. 
   - Include potassium-rich foods like bananas, sweet potatoes, and spinach, which can help balance sodium levels.
   - Limit alcohol consumption to moderate levels (up to one drink per day for women and two for men).

4. **Next-Step Plan:** Start by replacing one processed snack each day with a healthier option, such as a piece of fruit or a handful of nuts. Gradually increase your physical activity by adding a 10-minute walk to your daily routine and build from there.

5. **Guideline Support:** This advice is supported by guidelines emphasizing healthier eating, regular activity, weight management, and sodium reduction to help manage blood pressure (Guidelines 1, 2, 5).","### 1. Safety Note
It's important to remember that while lifestyle changes can support healthier blood pressure, they should complement any advice or treatment from your healthcare professional. Always consult with them before making significant changes, especially if you have concerns about your blood pressure.

### 2. Profile-Based Interpretation
At 47 years old with a BMI of 27.5, you are in the overweight category, which can contribute to elevated blood pressure. Your desk job and occasional walking suggest a relatively sedentary lifestyle, and your consumption of processed foods and salty snacks may be impacting your blood pressure levels. 

### 3. Exercise Recommendations
Start incorporating more physical activity into your routine gradually. Aim for at least 150 minutes of moderate aerobic activity each week, such as brisk walking, cycling, or swimming. You can break this down into 30-minute sessions, five days a week. Consider adding strength training exercises at least twice a week to help improve overall fitness and support weight management.

### 4. Diet and Lifestyle Recommendations
- **Reduce Sodium Intake**: Aim to limit your intake of salty snacks and processed foods, which can be high in sodium. Try to choose low-sodium options and flavor your meals with herbs and spices instead.
- **Increase Fruits and Vegetables**: Incorporate more fresh fruits and vegetables into your diet. Aim for at least five servings a day, as they are rich in potassium, which can help balance sodium levels.
- **Choose Whole Grains**: Opt for whole grains instead of refined grains. Foods like brown rice, whole grain bread, and oats can be beneficial.
- **Limit Alcohol**: While enjoying beer on weekends is fine in moderation, consider reducing your intake to support better blood pressure levels.
- **Stay Hydrated**: Drink plenty of water throughout the day, which can help with overall health and may reduce cravings for salty snacks.

### 5. Practical Next-Step Plan
1. **Set a Walking Goal**: Start with a goal of walking for 10-15 minutes a day, gradually increasing the duration as you feel comfortable.
2. **Meal Planning**: Plan your meals for the week, focusing on incorporating more whole foods and reducing processed options. Prepare healthy snacks like fruits, nuts, or yogurt to replace salty snacks.
3. **Track Your Progress**: Keep a journal of your food intake and physical activity to help you stay accountable and identify areas for improvement.
4. **Join a Class or Group**: Consider joining a local walking group or fitness class to stay motivated and make exercise more enjoyable.
5. **Regular Check-Ins**: Monitor your blood pressure at home if possible, and schedule regular check-ins with your healthcare provider to discuss your progress and any adjustments needed.

By making these gradual changes, you can work towards lowering your blood pressure and improving your overall health.","### 1. Safety Note
While I can provide general lifestyle recommendations, it's important to consult with a healthcare professional for personalized advice, especially regarding elevated blood pressure.

### 2. Profile-Based Interpretation
At 47 years old with a BMI of 27.5 and self-reported elevated blood pressure, your lifestyle habits, including a diet high in processed foods and salty snacks, may contribute to your blood pressure levels. Making gradual changes can help support healthier blood pressure.

### 3. Exercise Recommendations
Start incorporating regular physical activity into your routine. Aim for at least 150 minutes of moderate-intensity exercise each week, such as brisk walking. Begin with short walks (10-15 minutes) a few times a week and gradually increase the duration and frequency as you feel comfortable.

### 4. Diet and Lifestyle Recommendations
- **Reduce Sodium Intake**: Limit high-sodium snacks and processed foods. Opt for fresh fruits and vegetables, which are naturally low in sodium and high in potassium.
- **Choose Healthier Snacks**: Replace salty snacks with healthier options like nuts, yogurt, or fresh fruit.
- **Increase Fiber and Protein**: Incorporate more whole grains, legumes, and lean proteins into your meals.
- **Limit Alcohol**: Consider reducing your beer consumption on weekends to support better blood pressure management.
- **Stay Hydrated**: Drink plenty of water throughout the day, which can help with overall health.

### 5. Practical Next-Step Plan
1. **Set a Weekly Exercise Goal**: Start with 10-15 minute walks, three times a week, and gradually increase.
2. **Plan Your Meals**: Create a weekly meal plan that includes more fruits, vegetables, and whole foods while reducing processed and salty options.
3. **Track Your Progress**: Keep a journal of your food intake and physical activity to monitor changes and stay motivated.
4. **Consult a Professional**: Schedule a visit with a healthcare provider to discuss your blood pressure and get personalized advice.

### 6. Guideline Grounding
These recommendations are supported by CDC guidelines on preventing high blood pressure, which emphasize healthier eating, regular physical activity, sodium reduction, and the importance of maintaining a healthy weight.",3.0,5.0,4.0,4.0,4.0,4.0,4.0,4.0
CASE05,BP001,Full pipeline strong guideline grounding,full_pipeline,Selected automatically based on judge-score patterns. Review manually before using in the report.,"Age: 52
BMI: 30.0
Lifestyle habits: Low physical activity, frequent high-sodium takeout meals, current smoker about 5 cigarettes per day, drinks 2–3 alcoholic drinks per week.
Health goal: Improve cardiovascular health and start exercising safely.
Risk condition: Self-reported hypertension with blood pressure around 145/92 mmHg.
User question: I have high blood pressure around 145/92, smoke a few cigarettes a day, and often eat salty takeout. I want to start exercising and improve my health. What should I do?","I have high blood pressure around 145/92, smoke a few cigarettes a day, and often eat salty takeout. I want to start exercising and improve my health. What should I do?","**Safety Note:** Given your self-reported hypertension and smoking habits, it's important to consult with a healthcare professional before making significant lifestyle changes, especially regarding exercise and diet.

**Exercise Suggestions:**
1. **Start Slow:** Begin with low-impact activities such as walking, swimming, or cycling for 10-15 minutes a day, gradually increasing the duration as you feel comfortable.
2. **Strength Training:** Incorporate light strength training exercises 2-3 times a week, focusing on major muscle groups. Use body weight or light weights to start.
3. **Flexibility and Balance:** Consider adding stretching or yoga to improve flexibility and reduce stress.

**Diet or Lifestyle Suggestions:**
1. **Reduce Sodium Intake:** Aim to limit high-sodium takeout meals. Try cooking at home with fresh ingredients and herbs for flavor.
2. **Increase Fruits and Vegetables:** Incorporate more fruits and vegetables into your meals. Aim for a variety of colors to ensure a range of nutrients.
3. **Stay Hydrated:** Drink plenty of water throughout the day and limit sugary drinks.
4. **Limit Alcohol:** Consider reducing your alcohol intake to support overall health.
5. **Quit Smoking:** Seek support to quit smoking, as this will significantly benefit your cardiovascular health.

**Next-Step Plan:**
1. **Consult a Healthcare Professional:** Schedule an appointment to discuss your blood pressure and get personalized advice on starting an exercise program.
2. **Set Small Goals:** Aim for a 10-minute walk daily and gradually increase it. Track your progress to stay motivated.
3. **Plan Meals:** Create a weekly meal plan that includes healthy, low-sodium options. Consider trying new recipes that focus on whole foods.
4. **Join a Support Group:** Look for local or online groups focused on smoking cessation or healthy living for encouragement and accountability. 

Taking these steps can help you improve your cardiovascular health and overall well-being.","**Safety Note:** Given your self-reported hypertension and smoking habits, it's important to consult with a healthcare professional before making significant lifestyle changes.

**Exercise Suggestions:** Start with low-impact activities such as walking, swimming, or cycling for at least 150 minutes per week. Aim for 10-15 minutes of activity most days, gradually increasing the duration and intensity as you feel comfortable.

**Diet or Lifestyle Suggestions:** Focus on incorporating more fresh fruits and vegetables into your meals, and choose foods that are rich in potassium, fiber, and protein while reducing high-sodium takeout meals. Consider preparing simple, healthy meals at home to control salt intake. Additionally, try to limit alcohol consumption and work towards quitting smoking, as both can negatively impact blood pressure.

**Next-Step Plan:** Begin by setting a goal to walk for 10 minutes a day, five days a week. Gradually increase your walking time and frequency. Simultaneously, plan to prepare at least two home-cooked meals each week that emphasize fresh ingredients and are low in sodium.

**Guideline Support:** This advice is supported by guidelines emphasizing healthier eating, regular physical activity, weight management, not smoking, and limiting alcohol to support blood pressure and heart health (Guidelines 1, 2, 3, 4, and 5).","### 1. Safety Note
Given your self-reported hypertension and current lifestyle habits, it's important to approach changes gradually and consult with a healthcare professional before starting any new exercise or diet plan. They can provide personalized guidance based on your health status.

### 2. Profile-Based Interpretation
At 52 years old with a BMI of 30.0, you are classified as obese, which can contribute to your high blood pressure. Your low physical activity level, frequent consumption of high-sodium takeout meals, and smoking habits are additional factors that can negatively impact your cardiovascular health. 

### 3. Exercise Recommendations
Start with gentle, low-impact activities to ease into a more active lifestyle. Aim for:
- **Walking**: Begin with 10-15 minutes of walking a few times a week, gradually increasing the duration as you feel more comfortable.
- **Stretching**: Incorporate stretching exercises to improve flexibility and reduce the risk of injury.
- **Strength Training**: Consider light resistance exercises (like bodyweight squats or wall push-ups) 1-2 times a week, focusing on proper form.

Always listen to your body and stop if you feel any discomfort. 

### 4. Diet and Lifestyle Recommendations
- **Reduce Sodium Intake**: Aim to cook more at home using fresh ingredients. Try to limit takeout meals and opt for low-sodium options when you do.
- **Increase Fruits and Vegetables**: Incorporate a variety of fruits and vegetables into your meals to help manage blood pressure and improve overall health.
- **Limit Alcohol**: Consider reducing your alcohol intake to 1 drink per week or less, as excessive consumption can affect blood pressure.
- **Quit Smoking**: Seek support to help you reduce or quit smoking, as this will significantly benefit your cardiovascular health.

### 5. Practical Next-Step Plan
1. **Consult a Healthcare Professional**: Schedule an appointment to discuss your blood pressure and get personalized advice on exercise and diet.
2. **Set a Walking Goal**: Start with a goal of walking for 10-15 minutes, 3 times a week, and gradually increase the time as you feel more comfortable.
3. **Plan Healthy Meals**: Create a weekly meal plan that includes low-sodium recipes and more home-cooked meals.
4. **Track Your Progress**: Keep a journal of your physical activity and dietary changes to monitor your progress and stay motivated.

By taking these steps, you can work towards improving your cardiovascular health and overall well-being.","### Revised Recommendation

### 1. Safety Note
Before making any significant changes to your diet or exercise routine, it is crucial to consult with a healthcare professional. They can provide personalized guidance based on your health status, especially considering your self-reported hypertension.

### 2. Profile-Based Interpretation
At 52 years old with a BMI of 30.0, you are classified as obese, which can contribute to your high blood pressure. Your current habits of low physical activity, smoking, and frequent high-sodium meals are risk factors that can negatively impact your cardiovascular health.

### 3. Exercise Recommendations
Start with gentle, low-impact activities to gradually increase your physical activity level. Aim for at least 10-15 minutes of walking a few times a week, and gradually increase the duration and frequency as you feel comfortable. Consider activities like stretching, yoga, or swimming, which can be easier on the joints and help improve cardiovascular health.

### 4. Diet and Lifestyle Recommendations
- **Reduce Sodium Intake**: Limit high-sodium takeout meals. Focus on cooking at home using fresh ingredients, and read nutrition labels to choose lower-sodium options.
- **Increase Fruits and Vegetables**: Incorporate more fresh fruits and vegetables into your meals, as they are rich in potassium and fiber, which can help manage blood pressure.
- **Limit Alcohol**: Consider reducing your alcohol intake to no more than one drink per day, as excessive drinking can raise blood pressure.
- **Quit Smoking**: Seek support to quit smoking, as it significantly increases cardiovascular risk. There are many resources available, including counseling and nicotine replacement therapies.

### 5. Practical Next-Step Plan
1. **Consult a Healthcare Professional**: Schedule an appointment to discuss your blood pressure and get personalized advice.
2. **Set Small Goals**: Start with a goal of walking for 10-15 minutes three times a week and gradually increase as you feel more comfortable.
3. **Plan Healthy Meals**: Create a weekly meal plan that includes more home-cooked meals with fresh ingredients, focusing on low-sodium recipes.
4. **Track Your Progress**: Keep a journal of your physical activity and dietary changes to monitor your progress and stay motivated.

### 6. Guideline Grounding
This recommendation is supported by guidelines from the CDC, which emphasize the importance of healthier eating, regular physical activity, weight management, not smoking, and limiting alcohol to support blood pressure and heart health.",3.0,4.0,5.0,4.0,4.0,4.0,5.0,4.0
