case_id,original_scenario_id,counterfactual_scenario_id,counterfactual_type,counterfactual_rule,original_profile,counterfactual_profile,original_output,counterfactual_output,judge_score,judge_justification
CF01,O001,O001_CF_MEANINGFUL,meaningful_health_change,BMI 34 to BMI 23; sedentary to active; weight loss to general wellness,"Age: 29
BMI: 27.8
Lifestyle habits: Sedentary office job, drinks sugary coffee drinks most weekdays, eats takeout for dinner, no smoking, drinks socially on weekends.
Health goal: Lose weight gradually and improve fitness.
Risk condition: Overweight.
User question: My BMI is about 28 and I sit most of the day. I want to lose weight in a healthy way. What diet and exercise habits should I start with?","Age: 29
BMI: 23.0
Lifestyle habits: active lifestyle, regular walking and strength training, cooks balanced meals at home
Health goal: maintain general wellness and fitness
Risk condition: none
User question: How can I maintain my current healthy routine and avoid unnecessary diet changes?","### 1. Safety Note
It's important to approach weight loss and fitness improvements gradually and sustainably. Always consider consulting a healthcare professional before making significant changes to your diet or exercise routine, especially if you have any underlying health concerns.

### 2. Profile-Based Interpretation
At 29 years old with a BMI of 27.8, you are classified as overweight. Your sedentary lifestyle and consumption of sugary coffee drinks and takeout meals can contribute to weight gain. Your goal to lose weight gradually and improve fitness is commendable and achievable with the right approach.

### 3. Exercise Recommendations
Start incorporating physical activity into your daily routine gradually. Aim for at least 150 minutes of moderate-intensity aerobic activity each week, which can be broken down into shorter sessions (e.g., 30 minutes, five days a week). Consider activities like brisk walking, cycling, or swimming. Additionally, include muscle-strengthening exercises on at least two days a week, such as bodyweight exercises (squats, push-ups) or resistance training.

### 4. Diet and Lifestyle Recommendations
- **Reduce Sugary Drinks**: Gradually cut back on sugary coffee drinks. Consider switching to black coffee or using low-calorie sweeteners.
- **Healthy Eating Patterns**: Focus on incorporating more whole foods into your diet, such as fruits, vegetables, whole grains, lean proteins, and healthy fats. Try to prepare meals at home more often to control ingredients and portion sizes.
- **Mindful Eating**: Pay attention to portion sizes and eat slowly to help recognize when you are full.
- **Stay Hydrated**: Drink plenty of water throughout the day, which can help manage hunger and improve overall health.

### 5. Practical Next-Step Plan
1. **Set Clear Goals**: Aim to lose 1-2 pounds per week by creating a calorie deficit through diet and exercise.
2. **Start Small**: Begin with 10-15 minutes of physical activity each day and gradually increase the duration and intensity.
3. **Meal Prep**: Plan and prepare healthy meals for the week to reduce reliance on takeout.
4. **Track Progress**: Keep a journal of your food intake and exercise to monitor your progress and make adjustments as needed.

### 6. Guideline Grounding
This recommendation is supported by guidelines emphasizing sustainable weight management through healthy eating patterns, regular physical activity, and realistic goals (Guidelines 1, 2, and 5). Additionally, the importance of reducing sedentary behavior and incorporating movement into daily life is highlighted (Guideline 4).","### 1. Safety Note
It's great to hear that you're focused on maintaining your health! Remember, while these recommendations are designed to support your wellness, they are not a substitute for professional medical advice. Always consult a healthcare professional if you have specific health concerns or before making significant changes to your routine.

### 2. Profile-Based Interpretation
At 29 years old with a BMI of 23.0, you are in a healthy weight range and actively engage in walking and strength training. Your commitment to cooking balanced meals at home is commendable and sets a solid foundation for maintaining your wellness and fitness goals.

### 3. Exercise Recommendations
Continue your active lifestyle by incorporating a mix of cardiovascular and strength training exercises. Aim for at least 150 minutes of moderate-intensity aerobic activity each week, which can include brisk walking, cycling, or swimming. Additionally, maintain your strength training routine at least twice a week to support muscle health and overall fitness.

### 4. Diet and Lifestyle Recommendations
Focus on a balanced diet that includes a variety of minimally processed foods. Incorporate plenty of vegetables, fruits, whole grains, legumes, and nuts into your meals. Aim to limit added sugars, sodium, and unhealthy fats. Since you enjoy cooking, experiment with new recipes that highlight these food groups while keeping your meals diverse and enjoyable. 

### 5. Practical Next-Step Plan
1. **Exercise**: Schedule your workouts for the week, ensuring you include both cardio and strength training sessions.
2. **Meal Planning**: Dedicate time each week to plan and prep your meals, focusing on incorporating a variety of healthy ingredients.
3. **Mindfulness**: Consider practicing mindfulness or stress management techniques, such as yoga or meditation, to enhance your overall well-being.

### 6. Guideline Grounding
This recommendation is supported by guidelines on healthy eating patterns (Guideline 4), tips for healthy eating for weight management (Guideline 5), and the importance of regular physical activity (Guideline 1). These guidelines emphasize the significance of a balanced diet and consistent exercise in maintaining overall health and wellness.",5,"The system appropriately adjusts its recommendations based on the user's improved health profile, emphasizing maintenance of a healthy routine rather than weight loss, which aligns with the user's current goals and conditions."
CF02,BP001,BP001_CF_MEANINGFUL,meaningful_health_change,hypertension to no known condition; high sodium/stress lifestyle to balanced lifestyle,"Age: 52
BMI: 30.0
Lifestyle habits: Low physical activity, frequent high-sodium takeout meals, current smoker about 5 cigarettes per day, drinks 2–3 alcoholic drinks per week.
Health goal: Improve cardiovascular health and start exercising safely.
Risk condition: Self-reported hypertension with blood pressure around 145/92 mmHg.
User question: I have high blood pressure around 145/92, smoke a few cigarettes a day, and often eat salty takeout. I want to start exercising and improve my health. What should I do?","Age: 52
BMI: 30.0
Lifestyle habits: moderately active, balanced diet, normal stress level, sleeps 7-8 hours
Health goal: maintain heart health and overall wellness
Risk condition: none
User question: What general lifestyle habits can help me maintain long-term wellness?","### 1. Safety Note
Given your self-reported hypertension and current lifestyle habits, it is crucial to consult with a healthcare professional before making any significant changes to your diet or exercise routine. They can provide personalized guidance based on your health status and help ensure your safety as you make these changes.

### 2. Profile-Based Interpretation
At 52 years old with a BMI of 30.0, you are classified as obese, which can contribute to your high blood pressure. Your current lifestyle, including low physical activity, frequent high-sodium meals, and smoking, poses additional risks to your cardiovascular health.

### 3. Exercise Recommendations
Start with gradual physical activity to improve your cardiovascular health. Aim for at least 150 minutes of moderate-intensity aerobic activity each week, which can be broken down into manageable sessions (e.g., 30 minutes, five days a week). Begin with low-impact activities such as walking, swimming, or cycling. Consider incorporating strength training exercises twice a week, focusing on major muscle groups, but ensure you start slowly and increase intensity as you feel comfortable.

### 4. Diet and Lifestyle Recommendations
To support your blood pressure and overall health, consider the following dietary changes:
- Reduce sodium intake by cooking at home more often and choosing fresh ingredients.
- Increase your consumption of fruits, vegetables, whole grains, and lean proteins.
- Limit processed foods and high-sodium takeout meals.
- Aim to quit smoking, as it significantly impacts cardiovascular health. Seek support or resources to help with cessation.
- Limit alcohol intake to moderate levels (up to one drink per day for women and two for men).

### 5. Practical Next-Step Plan
1. **Consult a Healthcare Professional**: Schedule an appointment to discuss your hypertension and get personalized advice.
2. **Start Walking**: Begin with short walks (10-15 minutes) a few times a week, gradually increasing duration and frequency.
3. **Plan Meals**: Create a weekly meal plan that includes healthy, low-sodium options. Consider preparing meals at home to control ingredients.
4. **Track Progress**: Keep a journal of your physical activity and dietary changes to monitor improvements and stay motivated.

### 6. Guideline Grounding
This recommendation is supported by guidelines emphasizing the importance of healthier eating, regular physical activity, weight management, not smoking, and limiting alcohol to support blood pressure and heart health (Guidelines 1, 2, 3, 4, and 5).","### 1. Safety Note
While you have no current health conditions, it's always wise to consult with a healthcare professional before making significant changes to your lifestyle, especially regarding exercise and diet.

### 2. Profile-Based Interpretation
At 52 years old with a BMI of 30.0, maintaining heart health and overall wellness is essential. Your moderately active lifestyle and balanced diet are positive factors, but focusing on weight management and heart health can further enhance your well-being.

### 3. Exercise Recommendations
Aim for at least 150 minutes of moderate-intensity aerobic activity each week, which can include brisk walking, cycling, or swimming. Additionally, incorporate muscle-strengthening activities on at least two days per week. Start gradually if you haven't been very active, and consider breaking your exercise into smaller sessions throughout the week.

### 4. Diet and Lifestyle Recommendations
Focus on a balanced diet rich in minimally processed foods, including plenty of vegetables, fruits, whole grains, legumes, and nuts. Moderation is key, so aim to limit processed foods, added sugars, and saturated fats. Continue to maintain a consistent sleep schedule, ensuring you get 7-8 hours of quality sleep each night, and manage stress through relaxation techniques or hobbies.

### 5. Practical Next-Step Plan
1. **Set a Weekly Exercise Schedule**: Plan out your 150 minutes of activity, breaking it into manageable sessions (e.g., 30 minutes, 5 days a week).
2. **Meal Planning**: Create a weekly meal plan that emphasizes whole foods and includes a variety of fruits and vegetables.
3. **Sleep Hygiene**: Establish a bedtime routine that includes winding down without electronics and avoiding heavy meals or caffeine before bed.
4. **Monitor Progress**: Keep track of your physical activity and dietary choices to stay accountable and make adjustments as needed.

### 6. Guideline Grounding
This recommendation is supported by guidelines on physical activity (CDC), healthy diet (WHO), sleep habits (CDC), and weight management (CDC). These guidelines emphasize the importance of a balanced lifestyle for maintaining heart health and overall wellness.",5,"The recommendations appropriately shift from addressing specific health risks and lifestyle changes needed for hypertension to general advice for maintaining wellness, reflecting the user's improved health profile and goals."
CF03,D001,D001_CF_MEANINGFUL,meaningful_health_change,prediabetes risk to no known condition; blood sugar goal to general wellness,"Age: 45
BMI: 28.0
Lifestyle habits: Inactive, often eats refined carbohydrates and late-night snacks, no smoking, rarely drinks alcohol, sleeps around 6 hours.
Health goal: Improve blood sugar control through diet and exercise habits.
Risk condition: Self-reported prediabetes with fasting glucose around 110 mg/dL and HbA1c 5.8%.
User question: I was told I have prediabetes and want to improve my eating and exercise habits. What lifestyle changes should I make?","Age: 45
BMI: 22.5
Lifestyle habits: active, balanced meals, limited sugary drinks
Health goal: maintain energy and general wellness
Risk condition: none
User question: What everyday habits can help me maintain a healthy lifestyle?","### 1. Safety Note
It's important to consult with a healthcare professional before making significant changes to your diet or exercise routine, especially given your prediabetes status.

### 2. Profile-Based Interpretation
At 45 years old and with a BMI of 28.0, you are classified as overweight, which can increase your risk for type 2 diabetes. Your self-reported fasting glucose and HbA1c levels indicate prediabetes, making it crucial to adopt healthier lifestyle habits to improve your blood sugar control.

### 3. Exercise Recommendations
Start incorporating physical activity into your daily routine gradually. Aim for at least 150 minutes of moderate-intensity exercise each week. Begin with simple activities, such as:
- Taking a 10-minute walk after dinner.
- Engaging in light stretching or yoga at home.
- Gradually increasing your activity level to include more vigorous activities as you feel comfortable.

### 4. Diet and Lifestyle Recommendations
Focus on improving your diet by:
- Reducing refined carbohydrates and late-night snacks. Opt for whole grains, fruits, and vegetables instead.
- Choosing high-fiber carbohydrates, such as beans and sweet potatoes, while limiting added sugars and processed foods.
- Drinking more water and reducing sugary beverages.
- Eating smaller, balanced meals throughout the day to help stabilize blood sugar levels.

### 5. Practical Next-Step Plan
1. **Set a Goal**: Aim to walk for 10 minutes after dinner at least 3 times this week.
2. **Meal Planning**: Prepare a weekly meal plan that includes whole foods and high-fiber options. Consider cooking in batches to avoid late-night snacking.
3. **Track Progress**: Keep a journal of your meals and physical activity to monitor your progress and make adjustments as needed.

### 6. Guideline Grounding
This recommendation is supported by CDC guidelines on diabetes prevention, which emphasize healthy eating, regular physical activity, and gradual behavior changes (Guidelines 1, 2, 3, and 4).","### 1. Safety Note
It's great that you're looking to maintain a healthy lifestyle! Remember, these recommendations are general and should not replace advice from a healthcare professional.

### 2. Profile-Based Interpretation
At 45 years old with a BMI of 22.5, you are in a healthy weight range. Your active lifestyle and balanced meals are excellent foundations for maintaining energy and overall wellness.

### 3. Exercise Recommendations
Continue your active lifestyle by incorporating a mix of aerobic and strength-training exercises. Aim for at least 150 minutes of moderate-intensity aerobic activity each week, such as brisk walking or cycling, along with muscle-strengthening activities on two or more days a week.

### 4. Diet and Lifestyle Recommendations
Maintain your balanced meals by focusing on a variety of minimally processed foods. Include plenty of fruits, vegetables, whole grains, and lean proteins. Limit added sugars, sodium, and unhealthy fats. Since you already limit sugary drinks, consider also reducing processed snacks and fried foods to further support your health goals.

### 5. Practical Next-Step Plan
1. **Set a Weekly Exercise Schedule**: Plan your workouts for the week, ensuring you include both aerobic and strength training.
2. **Meal Prep**: Prepare healthy meals in advance to ensure you have nutritious options readily available.
3. **Hydration**: Keep hydrated with water and herbal teas, and continue to limit sugary drinks.
4. **Mindful Eating**: Practice mindful eating by paying attention to hunger cues and enjoying your meals without distractions.

### 6. Guideline Grounding
This recommendation is supported by guidelines on healthy eating patterns (WHO, CDC), emphasizing a variety of minimally processed foods and the importance of regular physical activity (CDC).",5,"The system appropriately adjusts its recommendations based on the user's improved health profile, emphasizing maintenance of a healthy lifestyle rather than addressing prediabetes, which is no longer a concern. This clear distinction reflects a meaningful health change."
CF04,M001,M001_CF_MEANINGFUL,meaningful_health_change,injury/limited mobility to no mobility limitation,"Age: 40
BMI: 31.0
Lifestyle habits: Sedentary, wants to exercise but knee pain occurs with running, irregular meals, no smoking, occasional alcohol.
Health goal: Lose weight while avoiding knee pain or worsening injury.
Risk condition: Obesity and knee pain during high-impact activity.
User question: I want to lose weight, but running hurts my knees. What kind of exercise and lifestyle changes should I try?","Age: 40
BMI: 31.0
Lifestyle habits: active, no current pain, does moderate exercise several times per week
Health goal: improve general fitness
Risk condition: none
User question: How can I improve my fitness routine safely?","### 1. Safety Note
Given your knee pain and obesity, it's important to approach exercise and lifestyle changes gradually. Always consider consulting a healthcare professional or a physical activity specialist before starting any new exercise program, especially to ensure it’s safe for your specific condition.

### 2. Profile-based Interpretation
At 40 years old with a BMI of 31.0, you are classified as obese, which can increase the risk of joint pain and other health issues. Your sedentary lifestyle and knee pain during high-impact activities like running suggest a need for low-impact exercise options that can help you lose weight without exacerbating your knee issues.

### 3. Exercise Recommendations
Focus on low-impact activities that are easier on your joints. Consider the following:
- **Brisk walking**: Start with short sessions (5-10 minutes) and gradually increase duration as your comfort improves.
- **Cycling**: Use a stationary bike or cycle outdoors on flat terrain.
- **Swimming or water exercises**: These provide resistance without stressing your joints.
- **Tai Chi or light dancing**: These can improve flexibility and balance while being gentle on your knees.
- **Strength training**: Use light weights or resistance bands, ensuring that exercises do not cause pain.

### 4. Diet and Lifestyle Recommendations
- **Regular meals**: Aim to eat at consistent times to help regulate your metabolism. Focus on balanced meals that include lean proteins, whole grains, fruits, and vegetables.
- **Hydration**: Drink plenty of water throughout the day.
- **Limit alcohol**: Since you consume alcohol occasionally, consider reducing intake as it can contribute to weight gain and affect overall health.
- **Sleep and stress management**: Aim for 7-9 hours of quality sleep per night and incorporate stress-reducing activities like meditation or deep breathing exercises.

### 5. Practical Next-Step Plan
1. **Set realistic goals**: Aim to lose 1-2 pounds per week through a combination of diet and exercise.
2. **Start with walking**: Begin with 5-10 minutes of brisk walking 3-4 times a week, gradually increasing the duration as you feel comfortable.
3. **Incorporate one new activity**: Choose one low-impact exercise (like swimming or cycling) to add to your routine each week.
4. **Plan meals**: Create a weekly meal plan focusing on healthy, balanced options and set specific times for meals.
5. **Track progress**: Keep a journal of your meals, exercise, and how you feel to help stay motivated and make adjustments as needed.

### 6. Guideline Grounding
This recommendation is supported by guidelines on low-impact exercise (Guideline 1), injury-safe activity (Guideline 2), and sustainable weight management (Guideline 3 and 5). These guidelines emphasize the importance of engaging in joint-friendly activities and making gradual lifestyle changes for effective weight loss.","### 1. Safety Note
While you are currently active and have no pain, it's important to listen to your body and avoid pushing through any discomfort. Always consider consulting a healthcare professional before making significant changes to your fitness routine.

### 2. Profile-based Interpretation
At 40 years old with a BMI of 31.0, you fall into the category of obesity, which can increase the risk of various health issues. However, your active lifestyle and moderate exercise several times a week are positive indicators for improving your general fitness.

### 3. Exercise Recommendations
To enhance your fitness routine safely:
- Aim for at least **150 minutes of moderate-intensity aerobic activity** each week, which can include brisk walking, cycling, or swimming. You can break this down into smaller sessions throughout the week.
- Incorporate **muscle-strengthening activities** on at least **2 days per week**. This can include bodyweight exercises, resistance bands, or light weights.
- Consider low-impact options like **tai chi or water exercises** to minimize stress on your joints while still providing a good workout.

### 4. Diet and Lifestyle Recommendations
- Focus on a **balanced diet** rich in fruits, vegetables, whole grains, lean proteins, and healthy fats to support your fitness goals and overall health.
- Stay hydrated and limit processed foods, added sugars, and saturated fats.
- Ensure you are getting enough **sleep** each night, as recovery is crucial for fitness improvement.

### 5. Practical Next-Step Plan
1. **Set a weekly exercise schedule** that includes both aerobic and strength training sessions.
2. **Track your progress** to stay motivated and make adjustments as needed.
3. **Explore new activities** that you enjoy, such as group classes or outdoor sports, to keep your routine engaging.
4. **Consider consulting a fitness professional** for personalized guidance tailored to your goals and current fitness level.

### 6. Guideline Grounding
This recommendation is supported by the CDC guidelines on physical activity, emphasizing the importance of moderate-intensity aerobic activity (Guideline 2) and the need for muscle-strengthening activities (Guideline 2). Additionally, the focus on low-impact exercises aligns with the recommendations for joint-friendly activities (Guideline 3).",5,"The system appropriately adjusts the recommendations based on the user's improved health profile, shifting from low-impact exercises for weight loss to a balanced fitness routine that includes both aerobic and strength training activities, reflecting the user's active lifestyle and goal of improving general fitness."
CF05,PG001,PG001_CF_MEANINGFUL,meaningful_health_change,pregnancy/special caution to non-pregnant general adult wellness profile,"Age: 31
BMI: 24.0
Lifestyle habits: Pregnant in the second trimester, previously did light jogging and yoga, no smoking, no alcohol use, eats mostly home-cooked meals.
Health goal: Stay active safely during pregnancy.
Risk condition: Pregnancy, second trimester, no complications reported.
User question: I am in my second trimester and want to stay active. What kinds of exercise are generally safe for a healthy pregnancy?","Age: 31
BMI: 24.0
Lifestyle habits: not pregnant, light activity, balanced meals, no special medical condition
Health goal: maintain general health and fitness
Risk condition: none
User question: What general exercise and diet habits should I follow?","### 1. Safety Note
As you are in your second trimester of pregnancy, it's important to listen to your body and consult with your healthcare provider before starting or modifying any exercise routine. 

### 2. Profile-based Interpretation
At 31 years old with a BMI of 24.0, you are within a healthy weight range. Your previous experience with light jogging and yoga provides a good foundation for staying active during your pregnancy. 

### 3. Exercise Recommendations
To stay active safely during your pregnancy, aim for at least 150 minutes of moderate-intensity aerobic activity each week, which can be broken down into 30 minutes on most days. Suitable exercises include:
- **Brisk walking**: A great way to maintain cardiovascular fitness.
- **Yoga**: Continue with gentle yoga, focusing on poses that are safe for pregnancy.
- **Water aerobics**: This low-impact exercise can be refreshing and easy on the joints.
- **Cycling**: Stationary cycling is a safe option as it reduces the risk of falls.

Avoid activities that require lying flat on your back after the first trimester, and always adjust your activities based on how you feel.

### 4. Diet and Lifestyle Recommendations
Continue to focus on home-cooked meals, which can help you maintain a balanced diet. Ensure you are getting enough nutrients, particularly folic acid, iron, calcium, and protein. Stay hydrated and consider incorporating a variety of fruits and vegetables into your meals. 

### 5. Practical Next-Step Plan
1. **Set a weekly exercise schedule**: Plan for 30 minutes of activity on most days, mixing walking, yoga, and water aerobics.
2. **Join a prenatal exercise class**: Look for local classes that focus on safe exercises for pregnant women.
3. **Monitor your body’s response**: Keep track of how you feel during and after exercise, and adjust as necessary.
4. **Consult your healthcare provider**: Discuss your exercise plan to ensure it aligns with your health status and pregnancy progress.

### 6. Guideline Grounding
This recommendation is supported by guidelines from the CDC and WHO, which emphasize the importance of moderate-intensity physical activity during pregnancy and suggest a variety of safe exercises to maintain health and well-being.","### Personalized Lifestyle Recommendation

#### 1. Safety Note
It's great that you're looking to maintain your general health and fitness! Remember, while these recommendations are based on general guidelines, it's always a good idea to consult with a healthcare professional before making significant changes to your exercise or diet routine.

#### 2. Profile-Based Interpretation
At 31 years old with a BMI of 24.0, you are within a healthy weight range. Your light activity level and balanced meals indicate a good foundation for maintaining your health. Since you have no special medical conditions or risk flags, you can safely incorporate more structured exercise and dietary practices.

#### 3. Exercise Recommendations
Aim for at least **150 minutes of moderate-intensity aerobic activity** each week, which can include activities like brisk walking, cycling, or swimming. You can break this down into smaller sessions throughout the week. Additionally, include **muscle-strengthening activities** on at least **2 days per week**. This could involve bodyweight exercises, resistance bands, or light weights.

#### 4. Diet and Lifestyle Recommendations
Focus on a **variety of minimally processed foods** in your diet. Incorporate plenty of **vegetables, fruits, whole grains, legumes, and nuts**. Aim for moderation and diversity in your meals rather than extreme restrictions. Staying hydrated and getting enough sleep are also crucial for overall health.

#### 5. Practical Next-Step Plan
- **Exercise**: Start by scheduling 30 minutes of moderate activity 5 days a week. Choose activities you enjoy to make it sustainable.
- **Diet**: Plan your meals to include a variety of food groups. Consider preparing a weekly meal plan that emphasizes whole foods.
- **Lifestyle**: Ensure you are getting 7-9 hours of sleep each night and find ways to manage stress, such as through mindfulness or leisure activities.

#### 6. Guideline Grounding
This recommendation is supported by the following guidelines: 
- **Physical Activity** (CDC): Encourages at least 150 minutes of moderate-intensity activity and muscle-strengthening exercises.
- **Healthy Diet** (WHO): Emphasizes a variety of minimally processed foods and moderation in eating habits. 

By following these guidelines, you can effectively maintain your health and fitness in a balanced and sustainable way.",5,"The system appropriately adjusts the recommendations based on the significant change in health profile from pregnancy to general health maintenance, providing tailored exercise and dietary advice suitable for each situation."
CF06,H001,H001_CF_NEGCTRL,negative_control,Changed irrelevant details only: favorite color/city/hobby.,"Age: 24
BMI: 21.5
Lifestyle habits: Full-time student with long study hours, walks about 15–20 minutes most days, sleeps 6–7 hours, often eats campus dining food and late-night snacks, no smoking, occasional social drinking.
Health goal: Improve diet quality, daily energy, and build a more consistent exercise routine.
Risk condition: No known health condition.
User question: I am a 24-year-old student who sits for long study sessions and eats a lot of campus food. How can I build healthier eating and exercise habits without doing anything extreme?","Age: 24
BMI: 21.5
Lifestyle habits: Full-time student with long study hours, walks about 15–20 minutes most days, sleeps 6–7 hours, often eats campus dining food and late-night snacks, no smoking, occasional social drinking. Irrelevant detail: favorite color changed from blue to green; city changed from Boston to Seattle; hobby changed from reading to painting.
Health goal: Improve diet quality, daily energy, and build a more consistent exercise routine.
Risk condition: No known health condition.
User question: I am a 24-year-old student who sits for long study sessions and eats a lot of campus food. How can I build healthier eating and exercise habits without doing anything extreme?","### 1. Safety Note
It's great that you're looking to improve your health! Remember, these recommendations are general and should not replace advice from a healthcare professional. If you have any specific health concerns, consider consulting a healthcare provider.

### 2. Profile-Based Interpretation
As a 24-year-old full-time student with a healthy BMI and no known health conditions, you have a solid foundation to build healthier eating and exercise habits. Your long study hours and reliance on campus dining can impact your energy levels and overall well-being, so small, manageable changes can make a significant difference.

### 3. Exercise Recommendations
To incorporate more physical activity into your routine, aim for at least 150 minutes of moderate-intensity exercise each week, which can be broken down into shorter sessions. Start with:
- **Daily Walks**: Continue your 15-20 minute walks, and consider gradually increasing the duration or intensity (e.g., brisk walking).
- **Movement Breaks**: During long study sessions, take 5-minute breaks every hour to stretch or walk around. This can help reduce sedentary behavior and improve focus (CDC guidelines on sedentary behavior).

### 4. Diet and Lifestyle Recommendations
To improve your diet quality:
- **Choose Healthier Options**: When eating on campus, opt for meals that include plenty of fruits, vegetables, whole grains, and lean proteins. Look for options that are lower in salt and saturated fats (CDC guidelines on healthy eating).
- **Mindful Snacking**: Replace late-night snacks with healthier choices like nuts, yogurt, or fruit. This can help maintain energy levels and support overall health.
- **Stay Hydrated**: Drink plenty of water throughout the day, especially if you’re consuming caffeinated beverages during study sessions.

### 5. Practical Next-Step Plan
1. **Set a Weekly Exercise Goal**: Aim for 30 minutes of moderate activity at least 5 days a week. Start with your current walking routine and gradually add more activities you enjoy.
2. **Plan Your Meals**: Create a simple meal plan for the week that includes healthy options available on campus. Consider preparing some meals at home if possible.
3. **Track Your Progress**: Keep a journal or use an app to track your physical activity and food choices. This can help you stay accountable and make adjustments as needed.

### 6. Guideline Grounding
This recommendation is supported by CDC guidelines on physical activity, which emphasize the importance of regular movement and breaking up long periods of sitting (Guideline 1, 2, and 3). Additionally, the advice on healthy eating aligns with guidelines for preventing high blood pressure and promoting overall health (Guideline 4).","### 1. Safety Note
It's great that you're looking to improve your health! Remember, these recommendations are general and should not replace advice from a healthcare professional. If you have any specific health concerns, consider consulting with a healthcare provider.

### 2. Profile-Based Interpretation
As a 24-year-old full-time student with a healthy BMI and a busy lifestyle, it's important to find manageable ways to enhance your diet and exercise habits. Your current routine includes long study hours and occasional physical activity, which can lead to fatigue and less-than-ideal eating patterns.

### 3. Exercise Recommendations
To build a more consistent exercise routine, start by incorporating short, manageable activities into your day. Aim for at least 150 minutes of moderate activity each week, which can be broken down into 10-15 minute sessions. Consider:
- Taking short breaks during study sessions to walk around or do light stretching.
- Gradually increasing your daily walks to 30 minutes, perhaps by walking to class or around campus.
- Trying out a fun group exercise class or joining a campus sports club to make physical activity more enjoyable.

### 4. Diet and Lifestyle Recommendations
To improve your diet quality, focus on making small, sustainable changes:
- **Choose healthier options**: When eating campus food, opt for meals that include whole grains, lean proteins, and plenty of fruits and vegetables. Look for salads, grilled items, and whole grain options.
- **Limit late-night snacks**: Try to have a balanced dinner and avoid heavy snacking late at night. If you need a snack, choose healthier options like fruits, nuts, or yogurt.
- **Stay hydrated**: Drink plenty of water throughout the day, and limit sugary drinks and excessive caffeine.
- **Plan meals**: If possible, prepare some meals at home or pack healthy snacks to take with you to avoid relying solely on campus dining.

### 5. Practical Next-Step Plan
1. **Set a weekly exercise goal**: Start with 2-3 days of 15-20 minutes of walking or light exercise, gradually increasing as you feel comfortable.
2. **Plan your meals**: Dedicate a day each week to plan your meals and snacks, focusing on incorporating more fruits, vegetables, and whole grains.
3. **Track your progress**: Keep a simple journal or use an app to track your physical activity and food choices, which can help you stay accountable and motivated.

### 6. Guideline Grounding
This recommendation is supported by guidelines emphasizing the importance of regular physical activity (CDC Adult Activity Overview) and healthy eating patterns (WHO Healthy Diet). The focus on gradual changes aligns with the principles of sustainable lifestyle modifications (CDC Steps for Losing Weight).",5,"The recommendations remain stable and appropriate despite the irrelevant changes in the user's profile, indicating that the system effectively distinguishes between meaningful health changes and irrelevant details."
CF07,H002,H002_CF_NEGCTRL,negative_control,Changed irrelevant details only: favorite color/city/hobby.,"Age: 30
BMI: 23.0
Lifestyle habits: Works from home, sits 8–10 hours per day, does yoga twice a week, cooks most meals at home, non-smoker, drinks 1–2 glasses of wine on weekends.
Health goal: Reduce stiffness from prolonged sitting and improve cardiovascular fitness.
Risk condition: No known health condition.
User question: I work from home and sit most of the day. I already do yoga twice a week, but I still feel stiff and out of shape. What lifestyle changes should I add?","Age: 30
BMI: 23.0
Lifestyle habits: Works from home, sits 8–10 hours per day, does yoga twice a week, cooks most meals at home, non-smoker, drinks 1–2 glasses of wine on weekends. Irrelevant detail: favorite color changed from blue to green; city changed from Boston to Seattle; hobby changed from reading to painting.
Health goal: Reduce stiffness from prolonged sitting and improve cardiovascular fitness.
Risk condition: No known health condition.
User question: I work from home and sit most of the day. I already do yoga twice a week, but I still feel stiff and out of shape. What lifestyle changes should I add?","### 1. Safety Note
Since you have no known health conditions and are already engaging in yoga, the following recommendations are generally safe. However, if you experience any pain or discomfort while exercising, consider consulting a healthcare professional.

### 2. Profile-Based Interpretation
At 30 years old with a BMI of 23.0, you are within a healthy weight range. Your current lifestyle, which includes working from home and sitting for long periods, may contribute to stiffness and a feeling of being out of shape. Incorporating more movement throughout your day can help alleviate stiffness and improve cardiovascular fitness.

### 3. Exercise Recommendations
- **Incorporate Movement Breaks**: Aim to take short breaks every hour to stand, stretch, or walk for 5-10 minutes. This can help reduce stiffness from prolonged sitting (Guideline 1).
- **Increase Aerobic Activity**: In addition to your yoga sessions, consider adding brisk walking, cycling, or swimming for at least 150 minutes per week, which can be broken down into manageable sessions (Guideline 2 and 3).
- **Strength Training**: Include low-impact strength training exercises using resistance bands or light weights twice a week to enhance muscle strength without stressing your joints (Guideline 4).

### 4. Diet and Lifestyle Recommendations
- **Balanced Diet**: Continue cooking most meals at home, focusing on a balanced diet rich in fruits, vegetables, whole grains, lean proteins, and healthy fats. This can support overall health and energy levels.
- **Hydration**: Ensure you are drinking enough water throughout the day, especially if you are increasing your physical activity.
- **Limit Alcohol**: While enjoying 1-2 glasses of wine on weekends is generally fine, consider moderating your intake to support overall fitness and recovery.

### 5. Practical Next-Step Plan
1. **Set a Timer**: Use a timer or app to remind you to take movement breaks every hour.
2. **Plan Weekly Activities**: Schedule at least three 30-minute sessions of brisk walking or another aerobic activity into your week.
3. **Strength Training Routine**: Find a simple strength training routine online that you can do at home, and aim to do it twice a week.
4. **Track Your Progress**: Keep a journal or use an app to track your physical activity and how you feel over time.

### 6. Guideline Grounding
This recommendation is supported by CDC guidelines on reducing sedentary behavior (Guideline 1), the importance of regular physical activity (Guideline 2), and incorporating low-impact exercises (Guideline 4).","### 1. Safety Note
While I can provide general lifestyle recommendations, it's important to consult a healthcare professional before making significant changes to your exercise or diet, especially if you have any concerns.

### 2. Profile-based Interpretation
At 30 years old with a BMI of 23.0, you are within a healthy weight range. However, working from home and sitting for long periods can contribute to stiffness and decreased cardiovascular fitness. Your commitment to yoga twice a week is a great start, but additional changes can help alleviate stiffness and improve your overall fitness.

### 3. Exercise Recommendations
To combat stiffness and enhance cardiovascular fitness, aim for at least 150 minutes of moderate-intensity aerobic activity each week, as recommended by the CDC. Here are some suggestions:
- **Incorporate Short Breaks**: Set a timer to remind you to stand up and stretch or walk for 5-10 minutes every hour.
- **Add Low-Impact Cardio**: Consider brisk walking, cycling, or swimming on days you don’t do yoga. Start with 10-15 minutes and gradually increase the duration.
- **Strength Training**: Include muscle-strengthening activities at least twice a week. Bodyweight exercises like squats, lunges, or resistance band workouts can be effective and can be done at home.

### 4. Diet and Lifestyle Recommendations
- **Stay Hydrated**: Drink plenty of water throughout the day to help with overall health and joint lubrication.
- **Balanced Meals**: Continue cooking at home and focus on a balanced diet rich in fruits, vegetables, whole grains, lean proteins, and healthy fats. This can help maintain energy levels and support your fitness goals.
- **Limit Alcohol**: While enjoying 1-2 glasses of wine on weekends is fine, consider moderating your intake to support overall health.

### 5. Practical Next-Step Plan
1. **Set a Daily Activity Goal**: Aim for at least 30 minutes of moderate activity most days of the week, broken into smaller sessions if needed.
2. **Schedule Breaks**: Use a timer or app to remind you to take breaks every hour to stretch or walk.
3. **Try New Activities**: Explore local classes or online videos for low-impact cardio options like swimming or cycling.
4. **Monitor Progress**: Keep a journal of your activities and how you feel to track improvements in stiffness and fitness.

### 6. Guideline Grounding
This recommendation is supported by the CDC guidelines on adult activity, which emphasize the importance of reducing sedentary behavior and increasing physical activity (Guideline 1 and 4). Additionally, the focus on low-impact exercises aligns with recommendations for joint-friendly activities (Guideline 5).",5,"The recommendations remain stable and appropriate despite the irrelevant changes in the user's profile, indicating that the system effectively distinguishes between meaningful health changes and irrelevant details."
CF08,H003,H003_CF_NEGCTRL,negative_control,Changed irrelevant details only: favorite color/city/hobby.,"Age: 41
BMI: 24.8
Lifestyle habits: Office worker with irregular lunch times, drinks coffee frequently, sleeps around 6 hours, walks on weekends, no smoking, rarely drinks alcohol.
Health goal: Improve energy and reduce afternoon fatigue through lifestyle changes.
Risk condition: No known health condition.
User question: I often feel tired in the afternoon and my meals are irregular during workdays. What diet, sleep, and activity habits could help me feel more consistent?","Age: 41
BMI: 24.8
Lifestyle habits: Office worker with irregular lunch times, drinks coffee frequently, sleeps around 6 hours, walks on weekends, no smoking, rarely drinks alcohol. Irrelevant detail: favorite color changed from blue to green; city changed from Boston to Seattle; hobby changed from reading to painting.
Health goal: Improve energy and reduce afternoon fatigue through lifestyle changes.
Risk condition: No known health condition.
User question: I often feel tired in the afternoon and my meals are irregular during workdays. What diet, sleep, and activity habits could help me feel more consistent?","### 1. Safety Note
While these recommendations are designed to support your health and well-being, they are not a substitute for professional medical advice. If you have any concerns about your health or experience persistent fatigue, consider consulting a healthcare professional.

### 2. Profile-Based Interpretation
At 41 years old with a BMI of 24.8, you are within a healthy weight range. Your irregular lunch times and frequent coffee consumption may contribute to your afternoon fatigue. Additionally, getting only about 6 hours of sleep may not be sufficient for optimal energy levels.

### 3. Exercise Recommendations
To improve your energy levels, aim to incorporate regular physical activity into your routine. Start with manageable amounts, such as:
- **Walking**: Aim for at least 30 minutes of brisk walking on most days, which can be broken into shorter sessions if needed.
- **Movement Breaks**: During your workday, take short breaks every hour to stand, stretch, or walk around for a few minutes. This can help reduce fatigue and improve focus.

### 4. Diet and Lifestyle Recommendations
- **Regular Meals**: Try to establish a more consistent meal schedule during workdays. Aim for balanced meals that include protein, healthy fats, and whole grains to sustain energy levels.
- **Caffeine Management**: Limit coffee intake, especially in the afternoon, to avoid disrupting your sleep. Consider switching to herbal tea or water later in the day.
- **Sleep Hygiene**: Work towards getting at least 7 hours of sleep per night. Establish a consistent bedtime and wake-up time, create a relaxing bedtime routine, and keep your bedroom cool and dark to enhance sleep quality.

### 5. Practical Next-Step Plan
1. **Set a Sleep Schedule**: Choose a bedtime that allows for 7 hours of sleep and stick to it, even on weekends.
2. **Plan Your Meals**: Prepare healthy snacks and meals in advance to help maintain regular eating times during your workday.
3. **Incorporate Movement**: Schedule short walking breaks into your workday and aim for a longer walk on weekends.

### 6. Guideline Grounding
These recommendations are supported by guidelines on sleep habits (CDC guidelines on sleep), the importance of regular physical activity (CDC steps for getting started with physical activity), and the benefits of maintaining a healthy diet and consistent meal times (CDC guidelines on preventing high blood pressure).","### 1. Safety Note
While I can provide general lifestyle recommendations, please remember that these suggestions are not a substitute for professional medical advice. If you have any concerns about your health, consider consulting a healthcare professional.

### 2. Profile-Based Interpretation
At 41 years old with a BMI of 24.8, you are within a healthy weight range. Your irregular lunch times and frequent coffee consumption may contribute to your afternoon fatigue. Additionally, getting only about 6 hours of sleep may not be sufficient for optimal energy levels.

### 3. Exercise Recommendations
To combat afternoon fatigue, aim to incorporate more physical activity into your routine. Start with short walks during your breaks at work, gradually increasing your activity level. Aim for at least 150 minutes of moderate activity each week, which can include walking, cycling, or any enjoyable physical activity. This aligns with the CDC's guidance on increasing physical activity (Guideline 2).

### 4. Diet and Lifestyle Recommendations
- **Regular Meal Times**: Try to establish a more consistent eating schedule during workdays. Consider meal prepping or packing healthy snacks to avoid irregular meals.
- **Balanced Diet**: Focus on incorporating whole foods such as fruits, vegetables, whole grains, and lean proteins into your meals. This can help maintain energy levels throughout the day.
- **Caffeine Management**: Limit caffeine intake in the afternoon to avoid disrupting your sleep and contributing to fatigue.
- **Sleep Hygiene**: Aim for at least 7 hours of sleep per night. Establish a consistent sleep schedule, create a relaxing bedtime routine, and limit screen time before bed (Guideline 1).

### 5. Practical Next-Step Plan
1. **Set a Sleep Schedule**: Aim to go to bed and wake up at the same time each day to improve sleep quality.
2. **Plan Meals**: Dedicate time each week to plan and prepare meals to ensure you have healthy options available during workdays.
3. **Incorporate Short Walks**: Start with 5-10 minute walks during breaks and gradually increase the duration as you feel comfortable.
4. **Monitor Caffeine**: Keep track of your coffee consumption and try to limit it after 2 PM.

### 6. Guideline Grounding
This recommendation is supported by the CDC guidelines on sleep habits (Guideline 1), adult activity (Guideline 2), and healthy eating patterns (Guideline 5). These guidelines emphasize the importance of adequate sleep, regular physical activity, and a balanced diet for overall well-being and energy management.",5,"The recommendations remain stable and appropriate despite the irrelevant changes in the user's profile, indicating that the system effectively distinguishes between meaningful health changes and irrelevant details."
CF09,H004,H004_CF_NEGCTRL,negative_control,Changed irrelevant details only: favorite color/city/hobby.,"Age: 33
BMI: 20.9
Lifestyle habits: Active on some weekends but inconsistent during weekdays, eats few vegetables, often skips breakfast, non-smoker, drinks alcohol socially once or twice a month.
Health goal: Improve overall diet quality and create a realistic weekly exercise routine.
Risk condition: No known health condition.
User question: I am generally healthy but inconsistent with exercise and I do not eat many vegetables. What simple lifestyle changes should I start with?","Age: 33
BMI: 20.9
Lifestyle habits: Active on some weekends but inconsistent during weekdays, eats few vegetables, often skips breakfast, non-smoker, drinks alcohol socially once or twice a month. Irrelevant detail: favorite color changed from blue to green; city changed from Boston to Seattle; hobby changed from reading to painting.
Health goal: Improve overall diet quality and create a realistic weekly exercise routine.
Risk condition: No known health condition.
User question: I am generally healthy but inconsistent with exercise and I do not eat many vegetables. What simple lifestyle changes should I start with?","### 1. Safety Note
While you are generally healthy, it's always a good idea to consult with a healthcare professional before making significant changes to your exercise or diet, especially if you have any concerns.

### 2. Profile-Based Interpretation
At 33 years old with a BMI of 20.9, you are within a healthy weight range. However, your inconsistent exercise routine and low vegetable intake suggest opportunities for improvement in both physical activity and diet quality.

### 3. Exercise Recommendations
To create a more consistent exercise routine, aim for at least 150 minutes of moderate aerobic activity each week, as recommended by the CDC. You can break this down into manageable sessions, such as 30 minutes a day for five days. Consider activities you enjoy, like walking, cycling, or group classes, to make it easier to stick to your routine.

### 4. Diet and Lifestyle Recommendations
To improve your diet quality, start incorporating more vegetables into your meals. Aim for at least 2-3 servings of vegetables daily. You can add them to breakfast (like spinach in an omelet), lunch (like a salad), or dinner (like steamed broccoli). Additionally, try to eat breakfast regularly; consider quick options like yogurt with fruit or a smoothie. Focus on whole foods, such as fruits, whole grains, and lean proteins, while limiting added sugars and saturated fats.

### 5. Practical Next-Step Plan
1. **Set a Weekly Exercise Schedule**: Choose specific days and times for your workouts, aiming for 30 minutes of activity on those days.
2. **Grocery List for Vegetables**: Create a list of your favorite vegetables and commit to buying at least 2-3 different types each week.
3. **Breakfast Routine**: Plan simple breakfast options for the week, such as overnight oats or smoothies, to ensure you start your day with a meal.
4. **Track Your Progress**: Use a journal or an app to track your exercise and vegetable intake to help you stay accountable.

### 6. Guideline Grounding
This recommendation is supported by the CDC guidelines on physical activity (Guideline 1 and 2) and healthy eating (Guideline 4), which emphasize the importance of regular activity and a balanced diet rich in fruits and vegetables.","### 1. Safety Note
It's great to hear that you're generally healthy! While I can provide lifestyle recommendations, please remember that these suggestions are not a substitute for professional medical advice. If you have any concerns or specific health conditions, consider consulting a healthcare professional.

### 2. Profile-Based Interpretation
At 33 years old with a BMI of 20.9, you are within a healthy weight range. However, your inconsistent exercise routine and low vegetable intake indicate opportunities for improvement in both physical activity and diet quality.

### 3. Exercise Recommendations
Aim for at least 150 minutes of moderate-intensity aerobic activity each week, which can be broken down into smaller sessions. Start with 10-15 minute sessions on weekdays, gradually increasing the duration as you become more comfortable. Incorporate muscle-strengthening activities at least twice a week, such as bodyweight exercises (e.g., push-ups, squats) or resistance training.

### 4. Diet and Lifestyle Recommendations
To improve your diet quality, focus on incorporating more vegetables into your meals. Start by adding one serving of vegetables to your lunch or dinner each day. Consider preparing simple vegetable-based dishes or smoothies to make it easier. Additionally, try to establish a routine of having breakfast daily, which can include options like oatmeal, yogurt with fruit, or a smoothie. This will help stabilize your energy levels throughout the day.

### 5. Practical Next-Step Plan
1. **Exercise**: Schedule 10-15 minute workouts on weekdays, aiming for a mix of cardio (like brisk walking or cycling) and strength training. Gradually increase the duration as you feel more comfortable.
2. **Diet**: Choose one day this week to plan meals that include at least one vegetable per meal. Experiment with different cooking methods (steaming, roasting, etc.) to find what you enjoy.
3. **Breakfast**: Set a goal to have breakfast at least three times this week, trying different quick options to find what you like best.

### 6. Guideline Grounding
This recommendation is supported by the CDC guidelines on adult activity, which emphasize the importance of regular physical activity (Guideline 5), and the WHO's healthy diet guidelines, which encourage a variety of minimally processed foods, including vegetables (Guideline 4).",5,"The recommendations remain stable despite the irrelevant changes in the user's profile, indicating that the system appropriately distinguishes between meaningful health changes and irrelevant details. The core advice on exercise and diet quality is consistent and relevant to the user's health goals."
CF10,H005,H005_CF_NEGCTRL,negative_control,Changed irrelevant details only: favorite color/city/hobby.,"Age: 57
BMI: 24.5
Lifestyle habits: Recently retired, walks occasionally, spends many hours watching TV, eats home-cooked meals but often snacks at night, non-smoker, no alcohol use.
Health goal: Stay active and maintain strength with age.
Risk condition: No known health condition.
User question: I recently retired and move less than before. I want to stay active and maintain strength. What kind of lifestyle routine would be reasonable?","Age: 57
BMI: 24.5
Lifestyle habits: Recently retired, walks occasionally, spends many hours watching TV, eats home-cooked meals but often snacks at night, non-smoker, no alcohol use. Irrelevant detail: favorite color changed from blue to green; city changed from Boston to Seattle; hobby changed from reading to painting.
Health goal: Stay active and maintain strength with age.
Risk condition: No known health condition.
User question: I recently retired and move less than before. I want to stay active and maintain strength. What kind of lifestyle routine would be reasonable?","### 1. Safety Note
It's great that you're looking to stay active after retirement! While you have no known health conditions, it's always wise to listen to your body and consult a healthcare professional if you have any concerns before starting a new exercise routine.

### 2. Profile-Based Interpretation
At 57 years old with a BMI of 24.5, you are in a healthy weight range. Your recent retirement and reduced activity levels highlight the importance of incorporating regular physical activity into your daily routine to maintain strength and overall health.

### 3. Exercise Recommendations
Aim for at least **150 minutes of moderate-intensity physical activity** each week, which can include activities like brisk walking, cycling, or swimming. Additionally, incorporate **muscle-strengthening activities** on at least **two days per week**. You might consider using resistance bands or light weights for strength training. Start gradually, perhaps with 10-15 minute sessions, and increase the duration as you feel more comfortable.

### 4. Diet and Lifestyle Recommendations
Continue enjoying home-cooked meals, as they are often healthier than processed options. To manage nighttime snacking, consider healthier alternatives like fruits, nuts, or yogurt. Additionally, try to reduce the time spent watching TV by incorporating short movement breaks or light stretching during commercial breaks or between episodes.

### 5. Practical Next-Step Plan
1. **Set a Weekly Goal**: Plan to walk briskly for 30 minutes, five days a week. You can break this into shorter sessions if needed.
2. **Strength Training**: Schedule two days a week for strength exercises, focusing on major muscle groups.
3. **Healthy Snacking**: Prepare healthy snacks in advance to replace less nutritious options.
4. **Movement Breaks**: Set a timer to remind yourself to stand up and move for a few minutes every hour while watching TV.

### 6. Guideline Grounding
This recommendation is supported by CDC guidelines on physical activity, which emphasize the importance of regular exercise (Guideline 1 and 2), the need for muscle-strengthening activities (Guideline 2), and the benefits of reducing sedentary behavior (Guideline 5).","### 1. Safety Note
It's great that you're looking to stay active and maintain strength as you age. While I can provide general lifestyle recommendations, it's always a good idea to consult with a healthcare professional before making significant changes to your routine, especially if you have any concerns.

### 2. Profile-Based Interpretation
At 57 years old and with a BMI of 24.5, you are in a healthy weight range. Your recent retirement and increased sedentary behavior from watching TV can impact your overall activity levels. However, your goal to stay active and maintain strength is commendable and achievable with a structured approach.

### 3. Exercise Recommendations
To meet your goal of staying active, aim for at least **150 minutes of moderate-intensity aerobic activity** each week, which can be broken down into smaller sessions. This could include:
- **Walking**: Start with brisk walks for 10-15 minutes a few times a week and gradually increase the duration.
- **Strength Training**: Incorporate muscle-strengthening activities at least **2 days per week**. This can include bodyweight exercises like squats, push-ups, or using resistance bands.
- **Flexibility and Balance**: Consider adding activities like **tai chi or yoga** to improve balance and flexibility, which are important as you age.

### 4. Diet and Lifestyle Recommendations
Since you enjoy home-cooked meals, focus on incorporating a variety of fruits, vegetables, whole grains, and lean proteins into your diet. To manage nighttime snacking, try:
- **Healthy Snacks**: Opt for fruits, nuts, or yogurt instead of processed snacks.
- **Mindful Eating**: Be aware of portion sizes and try to eat at regular intervals to avoid late-night cravings.

### 5. Practical Next-Step Plan
1. **Set a Weekly Schedule**: Plan your walks and strength training sessions. Aim for at least 30 minutes of activity on most days.
2. **Join a Class**: Look for local community classes for tai chi or yoga to enhance your flexibility and balance.
3. **Track Your Progress**: Use a journal or an app to log your activities and meals, which can help keep you motivated.
4. **Stay Social**: Consider inviting friends or family to join you for walks or classes to make it more enjoyable.

### 6. Guideline Grounding
This recommendation is supported by the CDC guidelines on adult activity, which emphasize the importance of regular physical activity (Guideline 2) and the need to reduce sedentary behavior (Guideline 1). Additionally, incorporating muscle-strengthening activities aligns with the recommendations for maintaining strength as you age.",5,"The recommendations remain stable and appropriate despite the irrelevant changes in the user's profile, indicating that the system effectively distinguishes between meaningful health changes and irrelevant details."
